{
  "service": {
    "service": "product-service",
    "serviceObject": {
      "name": "product-service"
    },
    "provider": {
      "name": "aws",
      "runtime": "nodejs18.x",
      "stage": "dev",
      "region": "us-west-1",
      "versionFunctions": true,
      "iamRoleStatements": [
        {
          "Effect": "Allow",
          "Action": [
            "sqs:SendMessage",
            "sqs:ChangeMessageVisibility"
          ],
          "Resource": [
            {
              "Fn::GetAtt": [
                "catalogItemsQueueA8669EE2",
                "Arn"
              ]
            }
          ]
        }
      ],
      "compiledCloudFormationTemplate": {
        "AWSTemplateFormatVersion": "2010-09-09",
        "Description": "The AWS CloudFormation template for this Serverless application",
        "Resources": {
          "ServerlessDeploymentBucket": {
            "Type": "AWS::S3::Bucket",
            "Properties": {
              "BucketEncryption": {
                "ServerSideEncryptionConfiguration": [
                  {
                    "ServerSideEncryptionByDefault": {
                      "SSEAlgorithm": "AES256"
                    }
                  }
                ]
              }
            }
          },
          "ServerlessDeploymentBucketPolicy": {
            "Type": "AWS::S3::BucketPolicy",
            "Properties": {
              "Bucket": {
                "Ref": "ServerlessDeploymentBucket"
              },
              "PolicyDocument": {
                "Statement": [
                  {
                    "Action": "s3:*",
                    "Effect": "Deny",
                    "Principal": "*",
                    "Resource": [
                      {
                        "Fn::Join": [
                          "",
                          [
                            "arn:",
                            {
                              "Ref": "AWS::Partition"
                            },
                            ":s3:::",
                            {
                              "Ref": "ServerlessDeploymentBucket"
                            },
                            "/*"
                          ]
                        ]
                      },
                      {
                        "Fn::Join": [
                          "",
                          [
                            "arn:",
                            {
                              "Ref": "AWS::Partition"
                            },
                            ":s3:::",
                            {
                              "Ref": "ServerlessDeploymentBucket"
                            }
                          ]
                        ]
                      }
                    ],
                    "Condition": {
                      "Bool": {
                        "aws:SecureTransport": false
                      }
                    }
                  }
                ]
              }
            }
          },
          "CatalogItemsQueueWorkerLogGroup": {
            "Type": "AWS::Logs::LogGroup",
            "Properties": {
              "LogGroupName": "/aws/lambda/product-service-dev-catalogItemsQueueWorker"
            }
          },
          "IamRoleLambdaExecution": {
            "Type": "AWS::IAM::Role",
            "Properties": {
              "AssumeRolePolicyDocument": {
                "Version": "2012-10-17",
                "Statement": [
                  {
                    "Effect": "Allow",
                    "Principal": {
                      "Service": [
                        "lambda.amazonaws.com"
                      ]
                    },
                    "Action": [
                      "sts:AssumeRole"
                    ]
                  }
                ]
              },
              "Policies": [
                {
                  "PolicyName": {
                    "Fn::Join": [
                      "-",
                      [
                        "product-service",
                        "dev",
                        "lambda"
                      ]
                    ]
                  },
                  "PolicyDocument": {
                    "Version": "2012-10-17",
                    "Statement": [
                      {
                        "Effect": "Allow",
                        "Action": [
                          "logs:CreateLogStream",
                          "logs:CreateLogGroup",
                          "logs:TagResource"
                        ],
                        "Resource": [
                          {
                            "Fn::Sub": "arn:${AWS::Partition}:logs:${AWS::Region}:${AWS::AccountId}:log-group:/aws/lambda/product-service-dev*:*"
                          }
                        ]
                      },
                      {
                        "Effect": "Allow",
                        "Action": [
                          "logs:PutLogEvents"
                        ],
                        "Resource": [
                          {
                            "Fn::Sub": "arn:${AWS::Partition}:logs:${AWS::Region}:${AWS::AccountId}:log-group:/aws/lambda/product-service-dev*:*:*"
                          }
                        ]
                      },
                      {
                        "$ref": "$[\"service\"][\"provider\"][\"iamRoleStatements\"][0]"
                      },
                      {
                        "Effect": "Allow",
                        "Action": [
                          "sqs:ReceiveMessage",
                          "sqs:DeleteMessage",
                          "sqs:GetQueueAttributes"
                        ],
                        "Resource": [
                          {
                            "Fn::GetAtt": [
                              "catalogItemsQueueA8669EE2",
                              "Arn"
                            ]
                          }
                        ]
                      }
                    ]
                  }
                }
              ],
              "Path": "/",
              "RoleName": {
                "Fn::Join": [
                  "-",
                  [
                    "product-service",
                    "dev",
                    {
                      "Ref": "AWS::Region"
                    },
                    "lambdaRole"
                  ]
                ]
              }
            }
          },
          "CatalogItemsQueueWorkerLambdaFunction": {
            "Type": "AWS::Lambda::Function",
            "Properties": {
              "Code": {
                "S3Bucket": {
                  "Ref": "ServerlessDeploymentBucket"
                },
                "S3Key": "serverless/product-service/dev/1686761991241-2023-06-14T16:59:51.241Z/product-service.zip"
              },
              "Handler": "handler.catalogBatchProcess",
              "Runtime": "nodejs18.x",
              "FunctionName": "product-service-dev-catalogItemsQueueWorker",
              "MemorySize": 1024,
              "Timeout": 6,
              "Role": {
                "Fn::GetAtt": [
                  "IamRoleLambdaExecution",
                  "Arn"
                ]
              }
            },
            "DependsOn": [
              "CatalogItemsQueueWorkerLogGroup"
            ]
          },
          "CatalogItemsQueueWorkerLambdaVersionkRbAxjDbTdItrXaq2ZXiKmIleP9FUFPkjXdua96OUA": {
            "Type": "AWS::Lambda::Version",
            "DeletionPolicy": "Retain",
            "Properties": {
              "FunctionName": {
                "Ref": "CatalogItemsQueueWorkerLambdaFunction"
              },
              "CodeSha256": "kWOu/Nay5SLIMnafuC3X3ab4GE6bI02ZF1VOzdIRy7A="
            }
          },
          "CatalogItemsQueueWorkerEventSourceMappingSQSCatalogItemsQueueA8669EE2": {
            "Type": "AWS::Lambda::EventSourceMapping",
            "DependsOn": [
              "IamRoleLambdaExecution"
            ],
            "Properties": {
              "BatchSize": 5,
              "MaximumBatchingWindowInSeconds": 0,
              "EventSourceArn": {
                "Fn::GetAtt": [
                  "catalogItemsQueueA8669EE2",
                  "Arn"
                ]
              },
              "FunctionName": {
                "Fn::GetAtt": [
                  "CatalogItemsQueueWorkerLambdaFunction",
                  "Arn"
                ]
              },
              "Enabled": true,
              "FunctionResponseTypes": [
                "ReportBatchItemFailures"
              ]
            }
          },
          "catalogItemsQueueDlqA90DF162": {
            "Type": "AWS::SQS::Queue",
            "Properties": {
              "MessageRetentionPeriod": 1209600,
              "QueueName": "product-service-dev-catalogItemsQueue-dlq"
            },
            "UpdateReplacePolicy": "Delete",
            "DeletionPolicy": "Delete"
          },
          "catalogItemsQueueA8669EE2": {
            "Type": "AWS::SQS::Queue",
            "Properties": {
              "QueueName": "product-service-dev-catalogItemsQueue",
              "RedrivePolicy": {
                "deadLetterTargetArn": {
                  "Fn::GetAtt": [
                    "catalogItemsQueueDlqA90DF162",
                    "Arn"
                  ]
                },
                "maxReceiveCount": 3
              },
              "VisibilityTimeout": 36
            },
            "UpdateReplacePolicy": "Delete",
            "DeletionPolicy": "Delete"
          }
        },
        "Outputs": {
          "ServerlessDeploymentBucketName": {
            "Value": {
              "Ref": "ServerlessDeploymentBucket"
            },
            "Export": {
              "Name": "sls-product-service-dev-ServerlessDeploymentBucketName"
            }
          },
          "CatalogItemsQueueWorkerLambdaFunctionQualifiedArn": {
            "Description": "Current Lambda function version",
            "Value": {
              "Ref": "CatalogItemsQueueWorkerLambdaVersionkRbAxjDbTdItrXaq2ZXiKmIleP9FUFPkjXdua96OUA"
            },
            "Export": {
              "Name": "sls-product-service-dev-CatalogItemsQueueWorkerLambdaFunctionQualifiedArn"
            }
          },
          "catalogItemsQueueQueueArn7736D09E": {
            "Description": "ARN of the \"catalogItemsQueue\" SQS queue.",
            "Value": {
              "Fn::GetAtt": [
                "catalogItemsQueueA8669EE2",
                "Arn"
              ]
            }
          },
          "catalogItemsQueueQueueUrl0A3A791C": {
            "Description": "URL of the \"catalogItemsQueue\" SQS queue.",
            "Value": {
              "Ref": "catalogItemsQueueA8669EE2"
            }
          },
          "catalogItemsQueueDlqUrlD26C153A": {
            "Description": "URL of the \"catalogItemsQueue\" SQS dead letter queue.",
            "Value": {
              "Ref": "catalogItemsQueueDlqA90DF162"
            }
          }
        }
      },
      "coreCloudFormationTemplate": {
        "AWSTemplateFormatVersion": "2010-09-09",
        "Description": "The AWS CloudFormation template for this Serverless application",
        "Resources": {
          "ServerlessDeploymentBucket": {
            "Type": "AWS::S3::Bucket",
            "Properties": {
              "BucketEncryption": {
                "ServerSideEncryptionConfiguration": [
                  {
                    "ServerSideEncryptionByDefault": {
                      "SSEAlgorithm": "AES256"
                    }
                  }
                ]
              }
            }
          },
          "ServerlessDeploymentBucketPolicy": {
            "Type": "AWS::S3::BucketPolicy",
            "Properties": {
              "Bucket": {
                "Ref": "ServerlessDeploymentBucket"
              },
              "PolicyDocument": {
                "Statement": [
                  {
                    "Action": "s3:*",
                    "Effect": "Deny",
                    "Principal": "*",
                    "Resource": [
                      {
                        "Fn::Join": [
                          "",
                          [
                            "arn:",
                            {
                              "Ref": "AWS::Partition"
                            },
                            ":s3:::",
                            {
                              "Ref": "ServerlessDeploymentBucket"
                            },
                            "/*"
                          ]
                        ]
                      },
                      {
                        "Fn::Join": [
                          "",
                          [
                            "arn:",
                            {
                              "Ref": "AWS::Partition"
                            },
                            ":s3:::",
                            {
                              "Ref": "ServerlessDeploymentBucket"
                            }
                          ]
                        ]
                      }
                    ],
                    "Condition": {
                      "Bool": {
                        "aws:SecureTransport": false
                      }
                    }
                  }
                ]
              }
            }
          }
        },
        "Outputs": {
          "ServerlessDeploymentBucketName": {
            "Value": {
              "Ref": "ServerlessDeploymentBucket"
            }
          }
        }
      },
      "vpc": {}
    },
    "plugins": [
      "serverless-lift"
    ],
    "pluginsData": {},
    "functions": {
      "catalogItemsQueueWorker": {
        "handler": "handler.catalogBatchProcess",
        "events": [
          {
            "sqs": {
              "arn": {
                "$ref": "$[\"service\"][\"provider\"][\"compiledCloudFormationTemplate\"][\"Resources\"][\"IamRoleLambdaExecution\"][\"Properties\"][\"Policies\"][0][\"PolicyDocument\"][\"Statement\"][3][\"Resource\"][0]"
              },
              "batchSize": 5,
              "maximumBatchingWindow": 0,
              "functionResponseType": "ReportBatchItemFailures"
            }
          }
        ],
        "name": "product-service-dev-catalogItemsQueueWorker",
        "package": {},
        "memory": 1024,
        "timeout": 6,
        "runtime": "nodejs18.x",
        "vpc": {},
        "versionLogicalId": "CatalogItemsQueueWorkerLambdaVersionkRbAxjDbTdItrXaq2ZXiKmIleP9FUFPkjXdua96OUA"
      }
    },
    "resources": {
      "Resources": {
        "catalogItemsQueueDlqA90DF162": {
          "Type": "AWS::SQS::Queue",
          "Properties": {
            "MessageRetentionPeriod": 1209600,
            "QueueName": "product-service-dev-catalogItemsQueue-dlq"
          },
          "UpdateReplacePolicy": "Delete",
          "DeletionPolicy": "Delete"
        },
        "catalogItemsQueueA8669EE2": {
          "Type": "AWS::SQS::Queue",
          "Properties": {
            "QueueName": "product-service-dev-catalogItemsQueue",
            "RedrivePolicy": {
              "deadLetterTargetArn": {
                "Fn::GetAtt": [
                  "catalogItemsQueueDlqA90DF162",
                  "Arn"
                ]
              },
              "maxReceiveCount": 3
            },
            "VisibilityTimeout": 36
          },
          "UpdateReplacePolicy": "Delete",
          "DeletionPolicy": "Delete"
        }
      },
      "Outputs": {
        "catalogItemsQueueQueueArn7736D09E": {
          "Description": "ARN of the \"catalogItemsQueue\" SQS queue.",
          "Value": {
            "Fn::GetAtt": [
              "catalogItemsQueueA8669EE2",
              "Arn"
            ]
          }
        },
        "catalogItemsQueueQueueUrl0A3A791C": {
          "Description": "URL of the \"catalogItemsQueue\" SQS queue.",
          "Value": {
            "Ref": "catalogItemsQueueA8669EE2"
          }
        },
        "catalogItemsQueueDlqUrlD26C153A": {
          "Description": "URL of the \"catalogItemsQueue\" SQS dead letter queue.",
          "Value": {
            "Ref": "catalogItemsQueueDlqA90DF162"
          }
        }
      }
    },
    "configValidationMode": "warn",
    "serviceFilename": "serverless.yml",
    "initialServerlessConfig": {
      "service": "product-service",
      "frameworkVersion": "3",
      "provider": {
        "name": "aws",
        "runtime": "nodejs18.x",
        "stage": "dev",
        "region": "us-west-1",
        "versionFunctions": true,
        "iamRoleStatements": [
          {
            "Effect": "Allow",
            "Action": [
              "sqs:SendMessage",
              "sqs:ChangeMessageVisibility"
            ],
            "Resource": [
              "${Token[TOKEN.643]}"
            ]
          }
        ]
      },
      "constructs": {
        "catalogItemsQueue": {
          "type": "queue",
          "batchSize": 5,
          "worker": {
            "handler": "handler.catalogBatchProcess",
            "events": [
              {
                "sqs": {
                  "arn": "${Token[TOKEN.643]}",
                  "batchSize": 5,
                  "maximumBatchingWindow": 0,
                  "functionResponseType": "ReportBatchItemFailures"
                }
              }
            ]
          }
        }
      },
      "plugins": {
        "$ref": "$[\"service\"][\"plugins\"]"
      },
      "functions": {}
    },
    "layers": {},
    "isDashboardMonitoringPreconfigured": false,
    "artifact": "/home/dzul/Projects/courses/AWS/repo/shop-app-backend/product-service/.serverless/product-service.zip"
  },
  "package": {
    "artifactDirectoryName": "serverless/product-service/dev/1686761991241-2023-06-14T16:59:51.241Z",
    "artifact": "product-service.zip"
  }
}